,age,gender,XAI
0,45,Woman,Person is Middle Aged Adult because its facial features most dominant age class is Middle Aged Adult (~ 46 years)
1,40,Man,Person is Middle Aged Adult because its facial features most dominant age class is Middle Aged Adult (~ 44 years)
2,28,Woman,Person is Young Adult because its facial features most dominant age class is Young Adult (~ 29 years)
3,23,Man,Person is Young Adult because its facial features most dominant age class is Young Adult (~ 25 years)
4,31,Man,Person is Young Adult because its facial features most dominant age class is Young Adult (~ 29 years)
5,57,Man,Person is Middle Aged Adult because its facial features most dominant age class is Middle Aged Adult (~ 52 years)
6,27,Woman,Person is Young Adult because its facial features most dominant age class is Young Adult (~ 25 years)
7,32,Woman,Person is Young Adult because its facial features most dominant age class is Young Adult (~ 31 years)
8,56,Man,Person is Middle Aged Adult because its facial features most dominant age class is Middle Aged Adult (~ 52 years)
9,36,Man,Person is Young Adult because its facial features most dominant age class is Young Adult (~ 36 years)
10,21,Woman,Person is Young Adult because its facial features most dominant age class is Young Adult (~ 21 years)
11,29,Man,Person is Young Adult because its facial features most dominant age class is Young Adult (~ 31 years)
12,26,Woman,Person is Young Adult because its facial features most dominant age class is Young Adult (~ 25 years)
13,41,Man,Person is Middle Aged Adult because its facial features most dominant age class is Middle Aged Adult (~ 44 years)
14,56,Man,Person is Middle Aged Adult because its facial features most dominant age class is Middle Aged Adult (~ 52 years)
15,44,Man,Person is Middle Aged Adult because its facial features most dominant age class is Middle Aged Adult (~ 46 years)
16,40,Man,Person is Middle Aged Adult because its facial features most dominant age class is Young Adult (~ 39 years)
17,32,Woman,Person is Young Adult because its facial features most dominant age class is Young Adult (~ 31 years)
18,31,Man,Person is Young Adult because its facial features most dominant age class is Young Adult (~ 31 years)
19,31,Man,Person is Young Adult because its facial features most dominant age class is Young Adult (~ 29 years)
20,59,Man,Person is Middle Aged Adult because its facial features most dominant age class is Middle Aged Adult (~ 58 years)
21,25,Woman,Person is Young Adult because its facial features most dominant age class is Young Adult (~ 25 years)
22,24,Man,Person is Young Adult because its facial features most dominant age class is Young Adult (~ 25 years)
23,29,Man,Person is Young Adult because its facial features most dominant age class is Young Adult (~ 31 years)
24,23,Man,Person is Young Adult because its facial features most dominant age class is Young Adult (~ 21 years)
25,28,Man,Person is Young Adult because its facial features most dominant age class is Young Adult (~ 25 years)
26,49,Man,Person is Middle Aged Adult because its facial features most dominant age class is Middle Aged Adult (~ 50 years)
27,47,Woman,Person is Middle Aged Adult because its facial features most dominant age class is Middle Aged Adult (~ 47 years)
28,33,Man,Person is Young Adult because its facial features most dominant age class is Young Adult (~ 31 years)
29,21,Woman,Person is Young Adult because its facial features most dominant age class is Young Adult (~ 20 years)
30,20,Man,Person is Young Adult because its facial features most dominant age class is Young Adult (~ 20 years)
31,37,Woman,Person is Young Adult because its facial features most dominant age class is Young Adult (~ 36 years)
32,39,Woman,Person is Young Adult because its facial features most dominant age class is Young Adult (~ 38 years)
33,60,Woman,Person is Old Adult because its facial features most dominant age class is Middle Aged Adult (~ 58 years)
34,40,Man,Person is Middle Aged Adult because its facial features most dominant age class is Young Adult (~ 39 years)
35,32,Man,Person is Young Adult because its facial features most dominant age class is Young Adult (~ 31 years)
36,30,Woman,Person is Young Adult because its facial features most dominant age class is Young Adult (~ 31 years)
37,33,Man,Person is Young Adult because its facial features most dominant age class is Young Adult (~ 36 years)
38,52,Woman,Person is Middle Aged Adult because its facial features most dominant age class is Middle Aged Adult (~ 52 years)
39,66,Man,Person is Old Adult because its facial features most dominant age class is Old Adult (~ 63 years)
40,28,Man,Person is Young Adult because its facial features most dominant age class is Young Adult (~ 25 years)
41,29,Woman,Person is Young Adult because its facial features most dominant age class is Young Adult (~ 25 years)
42,24,Man,Person is Young Adult because its facial features most dominant age class is Young Adult (~ 25 years)
43,30,Woman,Person is Young Adult because its facial features most dominant age class is Young Adult (~ 31 years)
44,42,Man,Person is Middle Aged Adult because its facial features most dominant age class is Middle Aged Adult (~ 44 years)
45,30,Man,Person is Young Adult because its facial features most dominant age class is Young Adult (~ 31 years)
46,27,Man,Person is Young Adult because its facial features most dominant age class is Young Adult (~ 25 years)
47,35,Man,Person is Young Adult because its facial features most dominant age class is Young Adult (~ 36 years)
48,34,Man,Person is Young Adult because its facial features most dominant age class is Young Adult (~ 31 years)
49,24,Man,Person is Young Adult because its facial features most dominant age class is Young Adult (~ 25 years)
50,48,Man,Person is Middle Aged Adult because its facial features most dominant age class is Middle Aged Adult (~ 48 years)
51,30,Man,Person is Young Adult because its facial features most dominant age class is Young Adult (~ 31 years)
52,31,Man,Person is Young Adult because its facial features most dominant age class is Young Adult (~ 31 years)
53,29,Woman,Person is Young Adult because its facial features most dominant age class is Young Adult (~ 29 years)
54,29,Woman,Person is Young Adult because its facial features most dominant age class is Young Adult (~ 25 years)
55,39,Man,Person is Young Adult because its facial features most dominant age class is Young Adult (~ 38 years)
56,31,Man,Person is Young Adult because its facial features most dominant age class is Young Adult (~ 31 years)
57,24,Man,Person is Young Adult because its facial features most dominant age class is Young Adult (~ 21 years)
58,24,Man,Person is Young Adult because its facial features most dominant age class is Young Adult (~ 25 years)
59,24,Man,Person is Young Adult because its facial features most dominant age class is Young Adult (~ 25 years)
60,34,Woman,Person is Young Adult because its facial features most dominant age class is Young Adult (~ 34 years)
61,33,Man,Person is Young Adult because its facial features most dominant age class is Young Adult (~ 31 years)
62,44,Man,Person is Middle Aged Adult because its facial features most dominant age class is Middle Aged Adult (~ 44 years)
63,43,Woman,Person is Middle Aged Adult because its facial features most dominant age class is Middle Aged Adult (~ 44 years)
64,31,Man,Person is Young Adult because its facial features most dominant age class is Young Adult (~ 31 years)
65,42,Woman,Person is Middle Aged Adult because its facial features most dominant age class is Middle Aged Adult (~ 44 years)
66,70,Man,Person is Old Adult because its facial features most dominant age class is Old Adult (~ 68 years)
67,57,Man,Person is Middle Aged Adult because its facial features most dominant age class is Middle Aged Adult (~ 58 years)
68,42,Woman,Person is Middle Aged Adult because its facial features most dominant age class is Young Adult (~ 27 years)
69,30,Man,Person is Young Adult because its facial features most dominant age class is Young Adult (~ 31 years)
70,36,Man,Person is Young Adult because its facial features most dominant age class is Young Adult (~ 36 years)
71,70,Man,Person is Old Adult because its facial features most dominant age class is Old Adult (~ 68 years)
72,28,Man,Person is Young Adult because its facial features most dominant age class is Young Adult (~ 25 years)
73,44,Man,Person is Middle Aged Adult because its facial features most dominant age class is Middle Aged Adult (~ 44 years)
74,61,Man,Person is Old Adult because its facial features most dominant age class is Old Adult (~ 60 years)
75,29,Man,Person is Young Adult because its facial features most dominant age class is Young Adult (~ 29 years)
76,52,Man,Person is Middle Aged Adult because its facial features most dominant age class is Middle Aged Adult (~ 52 years)
77,31,Man,Person is Young Adult because its facial features most dominant age class is Young Adult (~ 31 years)
78,44,Man,Person is Middle Aged Adult because its facial features most dominant age class is Middle Aged Adult (~ 46 years)
79,34,Man,Person is Young Adult because its facial features most dominant age class is Young Adult (~ 34 years)
80,57,Woman,Person is Middle Aged Adult because its facial features most dominant age class is Middle Aged Adult (~ 52 years)
81,54,Man,Person is Middle Aged Adult because its facial features most dominant age class is Middle Aged Adult (~ 52 years)
82,58,Man,Person is Middle Aged Adult because its facial features most dominant age class is Middle Aged Adult (~ 58 years)
83,29,Woman,Person is Young Adult because its facial features most dominant age class is Young Adult (~ 31 years)
84,31,Man,Person is Young Adult because its facial features most dominant age class is Young Adult (~ 31 years)
85,51,Man,Person is Middle Aged Adult because its facial features most dominant age class is Middle Aged Adult (~ 52 years)
86,58,Man,Person is Middle Aged Adult because its facial features most dominant age class is Middle Aged Adult (~ 58 years)
87,20,Man,Person is Young Adult because its facial features most dominant age class is Young Adult (~ 21 years)
88,34,Man,Person is Young Adult because its facial features most dominant age class is Young Adult (~ 34 years)
89,51,Man,Person is Middle Aged Adult because its facial features most dominant age class is Middle Aged Adult (~ 52 years)
90,43,Man,Person is Middle Aged Adult because its facial features most dominant age class is Middle Aged Adult (~ 44 years)
91,32,Woman,Person is Young Adult because its facial features most dominant age class is Young Adult (~ 31 years)
92,34,Man,Person is Young Adult because its facial features most dominant age class is Young Adult (~ 29 years)
93,65,Man,Person is Old Adult because its facial features most dominant age class is Old Adult (~ 63 years)
94,25,Man,Person is Young Adult because its facial features most dominant age class is Young Adult (~ 25 years)
95,27,Man,Person is Young Adult because its facial features most dominant age class is Young Adult (~ 25 years)
96,39,Man,Person is Young Adult because its facial features most dominant age class is Young Adult (~ 38 years)
97,21,Man,Person is Young Adult because its facial features most dominant age class is Young Adult (~ 20 years)
98,43,Man,Person is Middle Aged Adult because its facial features most dominant age class is Middle Aged Adult (~ 44 years)
99,59,Woman,Person is Middle Aged Adult because its facial features most dominant age class is Middle Aged Adult (~ 59 years)
100,50,Woman,Person is Middle Aged Adult because its facial features most dominant age class is Middle Aged Adult (~ 46 years)
101,63,Woman,Person is Old Adult because its facial features most dominant age class is Old Adult (~ 63 years)
102,70,Man,Person is Old Adult because its facial features most dominant age class is Old Adult (~ 68 years)
103,41,Man,Person is Middle Aged Adult because its facial features most dominant age class is Middle Aged Adult (~ 43 years)
104,59,Woman,Person is Middle Aged Adult because its facial features most dominant age class is Middle Aged Adult (~ 58 years)
105,28,Man,Person is Young Adult because its facial features most dominant age class is Young Adult (~ 25 years)
106,24,Man,Person is Young Adult because its facial features most dominant age class is Young Adult (~ 23 years)
107,28,Man,Person is Young Adult because its facial features most dominant age class is Young Adult (~ 29 years)
108,39,Woman,Person is Young Adult because its facial features most dominant age class is Young Adult (~ 38 years)
109,36,Man,Person is Young Adult because its facial features most dominant age class is Young Adult (~ 36 years)
110,32,Woman,Person is Young Adult because its facial features most dominant age class is Young Adult (~ 31 years)
111,42,Man,Person is Middle Aged Adult because its facial features most dominant age class is Middle Aged Adult (~ 44 years)
112,39,Woman,Person is Young Adult because its facial features most dominant age class is Young Adult (~ 39 years)
113,41,Man,Person is Middle Aged Adult because its facial features most dominant age class is Middle Aged Adult (~ 44 years)
114,31,Man,Person is Young Adult because its facial features most dominant age class is Young Adult (~ 31 years)
115,31,Man,Person is Young Adult because its facial features most dominant age class is Young Adult (~ 31 years)
116,37,Man,Person is Young Adult because its facial features most dominant age class is Young Adult (~ 31 years)
117,38,Man,Person is Young Adult because its facial features most dominant age class is Young Adult (~ 38 years)
118,55,Woman,Person is Middle Aged Adult because its facial features most dominant age class is Middle Aged Adult (~ 52 years)
119,35,Man,Person is Young Adult because its facial features most dominant age class is Young Adult (~ 36 years)
120,23,Woman,Person is Young Adult because its facial features most dominant age class is Young Adult (~ 22 years)
121,29,Man,Person is Young Adult because its facial features most dominant age class is Young Adult (~ 31 years)
122,54,Man,Person is Middle Aged Adult because its facial features most dominant age class is Middle Aged Adult (~ 52 years)
123,63,Man,Person is Old Adult because its facial features most dominant age class is Old Adult (~ 63 years)
124,34,Man,Person is Young Adult because its facial features most dominant age class is Young Adult (~ 31 years)
125,25,Man,Person is Young Adult because its facial features most dominant age class is Young Adult (~ 25 years)
126,39,Woman,Person is Young Adult because its facial features most dominant age class is Young Adult (~ 36 years)
127,36,Man,Person is Young Adult because its facial features most dominant age class is Young Adult (~ 36 years)
128,25,Man,Person is Young Adult because its facial features most dominant age class is Young Adult (~ 25 years)
129,36,Woman,Person is Young Adult because its facial features most dominant age class is Young Adult (~ 36 years)
130,46,Woman,Person is Middle Aged Adult because its facial features most dominant age class is Middle Aged Adult (~ 46 years)
131,63,Woman,Person is Old Adult because its facial features most dominant age class is Old Adult (~ 63 years)
132,41,Man,Person is Middle Aged Adult because its facial features most dominant age class is Middle Aged Adult (~ 44 years)
133,50,Woman,Person is Middle Aged Adult because its facial features most dominant age class is Middle Aged Adult (~ 50 years)
134,70,Man,Person is Old Adult because its facial features most dominant age class is Old Adult (~ 68 years)
135,26,Man,Person is Young Adult because its facial features most dominant age class is Young Adult (~ 25 years)
136,26,Man,Person is Young Adult because its facial features most dominant age class is Young Adult (~ 25 years)
137,44,Woman,Person is Middle Aged Adult because its facial features most dominant age class is Middle Aged Adult (~ 44 years)
138,33,Man,Person is Young Adult because its facial features most dominant age class is Young Adult (~ 34 years)
139,60,Man,Person is Old Adult because its facial features most dominant age class is Old Adult (~ 60 years)
140,42,Man,Person is Middle Aged Adult because its facial features most dominant age class is Young Adult (~ 29 years)
141,41,Man,Person is Middle Aged Adult because its facial features most dominant age class is Middle Aged Adult (~ 43 years)
142,35,Man,Person is Young Adult because its facial features most dominant age class is Young Adult (~ 31 years)
143,32,Man,Person is Young Adult because its facial features most dominant age class is Young Adult (~ 31 years)
144,29,Man,Person is Young Adult because its facial features most dominant age class is Young Adult (~ 31 years)
145,70,Man,Person is Old Adult because its facial features most dominant age class is Old Adult (~ 68 years)
146,43,Man,Person is Middle Aged Adult because its facial features most dominant age class is Middle Aged Adult (~ 44 years)
147,29,Man,Person is Young Adult because its facial features most dominant age class is Young Adult (~ 25 years)
148,49,Man,Person is Middle Aged Adult because its facial features most dominant age class is Middle Aged Adult (~ 57 years)
149,31,Man,Person is Young Adult because its facial features most dominant age class is Young Adult (~ 31 years)
150,70,Man,Person is Old Adult because its facial features most dominant age class is Old Adult (~ 68 years)
151,53,Man,Person is Middle Aged Adult because its facial features most dominant age class is Middle Aged Adult (~ 52 years)
152,50,Man,Person is Middle Aged Adult because its facial features most dominant age class is Middle Aged Adult (~ 50 years)
153,29,Man,Person is Young Adult because its facial features most dominant age class is Young Adult (~ 29 years)
154,26,Man,Person is Young Adult because its facial features most dominant age class is Young Adult (~ 25 years)
155,50,Man,Person is Middle Aged Adult because its facial features most dominant age class is Middle Aged Adult (~ 52 years)
156,51,Woman,Person is Middle Aged Adult because its facial features most dominant age class is Middle Aged Adult (~ 52 years)
157,24,Man,Person is Young Adult because its facial features most dominant age class is Young Adult (~ 21 years)
158,27,Man,Person is Young Adult because its facial features most dominant age class is Young Adult (~ 25 years)
159,55,Man,Person is Middle Aged Adult because its facial features most dominant age class is Middle Aged Adult (~ 52 years)
160,29,Man,Person is Young Adult because its facial features most dominant age class is Young Adult (~ 29 years)
161,64,Man,Person is Old Adult because its facial features most dominant age class is Old Adult (~ 63 years)
162,47,Man,Person is Middle Aged Adult because its facial features most dominant age class is Middle Aged Adult (~ 46 years)
163,26,Woman,Person is Young Adult because its facial features most dominant age class is Young Adult (~ 25 years)
164,49,Man,Person is Middle Aged Adult because its facial features most dominant age class is Middle Aged Adult (~ 47 years)
165,26,Woman,Person is Young Adult because its facial features most dominant age class is Young Adult (~ 25 years)
166,25,Man,Person is Young Adult because its facial features most dominant age class is Young Adult (~ 25 years)
167,23,Man,Person is Young Adult because its facial features most dominant age class is Young Adult (~ 21 years)
168,30,Woman,Person is Young Adult because its facial features most dominant age class is Young Adult (~ 31 years)
169,19,Man,Person is Adolescent because its facial features most dominant age class is Young Adult (~ 20 years)
170,26,Man,Person is Young Adult because its facial features most dominant age class is Young Adult (~ 25 years)
171,34,Man,Person is Young Adult because its facial features most dominant age class is Young Adult (~ 36 years)
172,47,Woman,Person is Middle Aged Adult because its facial features most dominant age class is Middle Aged Adult (~ 48 years)
173,36,Woman,Person is Young Adult because its facial features most dominant age class is Young Adult (~ 34 years)
174,32,Man,Person is Young Adult because its facial features most dominant age class is Young Adult (~ 31 years)
175,47,Woman,Person is Middle Aged Adult because its facial features most dominant age class is Middle Aged Adult (~ 47 years)
176,27,Man,Person is Young Adult because its facial features most dominant age class is Young Adult (~ 25 years)
177,23,Woman,Person is Young Adult because its facial features most dominant age class is Young Adult (~ 21 years)
178,29,Man,Person is Young Adult because its facial features most dominant age class is Young Adult (~ 31 years)
179,39,Woman,Person is Young Adult because its facial features most dominant age class is Young Adult (~ 38 years)
180,60,Man,Person is Old Adult because its facial features most dominant age class is Middle Aged Adult (~ 58 years)
181,69,Man,Person is Old Adult because its facial features most dominant age class is Old Adult (~ 68 years)
182,57,Woman,Person is Middle Aged Adult because its facial features most dominant age class is Middle Aged Adult (~ 52 years)
183,27,Woman,Person is Young Adult because its facial features most dominant age class is Young Adult (~ 27 years)
184,40,Man,Person is Middle Aged Adult because its facial features most dominant age class is Young Adult (~ 38 years)
185,26,Woman,Person is Young Adult because its facial features most dominant age class is Young Adult (~ 25 years)
186,54,Man,Person is Middle Aged Adult because its facial features most dominant age class is Middle Aged Adult (~ 52 years)
187,47,Woman,Person is Middle Aged Adult because its facial features most dominant age class is Middle Aged Adult (~ 47 years)
188,33,Man,Person is Young Adult because its facial features most dominant age class is Young Adult (~ 29 years)
189,39,Woman,Person is Young Adult because its facial features most dominant age class is Young Adult (~ 36 years)
190,45,Man,Person is Middle Aged Adult because its facial features most dominant age class is Middle Aged Adult (~ 46 years)
191,42,Woman,Person is Middle Aged Adult because its facial features most dominant age class is Middle Aged Adult (~ 44 years)
192,33,Woman,Person is Young Adult because its facial features most dominant age class is Young Adult (~ 31 years)
193,24,Man,Person is Young Adult because its facial features most dominant age class is Young Adult (~ 21 years)
194,33,Man,Person is Young Adult because its facial features most dominant age class is Young Adult (~ 31 years)
195,36,Woman,Person is Young Adult because its facial features most dominant age class is Young Adult (~ 36 years)
196,43,Man,Person is Middle Aged Adult because its facial features most dominant age class is Middle Aged Adult (~ 44 years)
197,63,Man,Person is Old Adult because its facial features most dominant age class is Old Adult (~ 63 years)
198,38,Man,Person is Young Adult because its facial features most dominant age class is Young Adult (~ 36 years)
199,27,Man,Person is Young Adult because its facial features most dominant age class is Young Adult (~ 25 years)
200,34,Man,Person is Young Adult because its facial features most dominant age class is Young Adult (~ 36 years)
201,30,Man,Person is Young Adult because its facial features most dominant age class is Young Adult (~ 29 years)
202,49,Man,Person is Middle Aged Adult because its facial features most dominant age class is Middle Aged Adult (~ 50 years)
203,33,Man,Person is Young Adult because its facial features most dominant age class is Young Adult (~ 34 years)
204,25,Man,Person is Young Adult because its facial features most dominant age class is Young Adult (~ 25 years)
205,25,Man,Person is Young Adult because its facial features most dominant age class is Young Adult (~ 25 years)
206,51,Woman,Person is Middle Aged Adult because its facial features most dominant age class is Middle Aged Adult (~ 52 years)
207,47,Man,Person is Middle Aged Adult because its facial features most dominant age class is Middle Aged Adult (~ 47 years)
208,28,Man,Person is Young Adult because its facial features most dominant age class is Young Adult (~ 27 years)
209,39,Man,Person is Young Adult because its facial features most dominant age class is Young Adult (~ 38 years)
210,21,Man,Person is Young Adult because its facial features most dominant age class is Young Adult (~ 21 years)
211,30,Man,Person is Young Adult because its facial features most dominant age class is Young Adult (~ 31 years)
212,29,Man,Person is Young Adult because its facial features most dominant age class is Young Adult (~ 31 years)
213,30,Woman,Person is Young Adult because its facial features most dominant age class is Young Adult (~ 31 years)
214,27,Man,Person is Young Adult because its facial features most dominant age class is Young Adult (~ 25 years)
215,31,Woman,Person is Young Adult because its facial features most dominant age class is Young Adult (~ 31 years)
216,25,Man,Person is Young Adult because its facial features most dominant age class is Young Adult (~ 25 years)
217,63,Man,Person is Old Adult because its facial features most dominant age class is Old Adult (~ 63 years)
218,23,Woman,Person is Young Adult because its facial features most dominant age class is Young Adult (~ 21 years)
219,38,Woman,Person is Young Adult because its facial features most dominant age class is Young Adult (~ 36 years)
220,28,Woman,Person is Young Adult because its facial features most dominant age class is Young Adult (~ 25 years)
221,61,Man,Person is Old Adult because its facial features most dominant age class is Middle Aged Adult (~ 58 years)
222,27,Woman,Person is Young Adult because its facial features most dominant age class is Young Adult (~ 25 years)
223,29,Man,Person is Young Adult because its facial features most dominant age class is Young Adult (~ 25 years)
224,28,Woman,Person is Young Adult because its facial features most dominant age class is Young Adult (~ 29 years)
225,29,Man,Person is Young Adult because its facial features most dominant age class is Young Adult (~ 27 years)
226,25,Man,Person is Young Adult because its facial features most dominant age class is Young Adult (~ 25 years)
227,37,Man,Person is Young Adult because its facial features most dominant age class is Young Adult (~ 36 years)
228,33,Man,Person is Young Adult because its facial features most dominant age class is Young Adult (~ 36 years)
229,37,Man,Person is Young Adult because its facial features most dominant age class is Young Adult (~ 36 years)
230,34,Man,Person is Young Adult because its facial features most dominant age class is Young Adult (~ 31 years)
231,27,Woman,Person is Young Adult because its facial features most dominant age class is Young Adult (~ 25 years)
232,32,Man,Person is Young Adult because its facial features most dominant age class is Young Adult (~ 29 years)
233,25,Man,Person is Young Adult because its facial features most dominant age class is Young Adult (~ 25 years)
234,51,Man,Person is Middle Aged Adult because its facial features most dominant age class is Middle Aged Adult (~ 52 years)
235,34,Man,Person is Young Adult because its facial features most dominant age class is Young Adult (~ 34 years)
236,54,Man,Person is Middle Aged Adult because its facial features most dominant age class is Middle Aged Adult (~ 52 years)
237,29,Man,Person is Young Adult because its facial features most dominant age class is Young Adult (~ 25 years)
238,31,Man,Person is Young Adult because its facial features most dominant age class is Young Adult (~ 31 years)
239,27,Woman,Person is Young Adult because its facial features most dominant age class is Young Adult (~ 25 years)
240,26,Man,Person is Young Adult because its facial features most dominant age class is Young Adult (~ 25 years)
241,34,Woman,Person is Young Adult because its facial features most dominant age class is Young Adult (~ 34 years)
242,49,Man,Person is Middle Aged Adult because its facial features most dominant age class is Middle Aged Adult (~ 46 years)
243,36,Man,Person is Young Adult because its facial features most dominant age class is Young Adult (~ 36 years)
244,32,Woman,Person is Young Adult because its facial features most dominant age class is Young Adult (~ 31 years)
245,37,Man,Person is Young Adult because its facial features most dominant age class is Young Adult (~ 36 years)
246,39,Man,Person is Young Adult because its facial features most dominant age class is Young Adult (~ 38 years)
247,50,Man,Person is Middle Aged Adult because its facial features most dominant age class is Middle Aged Adult (~ 47 years)
248,50,Woman,Person is Middle Aged Adult because its facial features most dominant age class is Middle Aged Adult (~ 52 years)
249,67,Man,Person is Old Adult because its facial features most dominant age class is Old Adult (~ 68 years)
250,28,Man,Person is Young Adult because its facial features most dominant age class is Young Adult (~ 27 years)
251,31,Man,Person is Young Adult because its facial features most dominant age class is Young Adult (~ 29 years)
252,25,Man,Person is Young Adult because its facial features most dominant age class is Young Adult (~ 25 years)
253,31,Man,Person is Young Adult because its facial features most dominant age class is Young Adult (~ 31 years)
254,70,Woman,Person is Old Adult because its facial features most dominant age class is Old Adult (~ 68 years)
255,36,Woman,Person is Young Adult because its facial features most dominant age class is Young Adult (~ 36 years)
256,43,Man,Person is Middle Aged Adult because its facial features most dominant age class is Middle Aged Adult (~ 46 years)
257,23,Man,Person is Young Adult because its facial features most dominant age class is Young Adult (~ 22 years)
258,70,Man,Person is Old Adult because its facial features most dominant age class is Old Adult (~ 68 years)
259,31,Man,Person is Young Adult because its facial features most dominant age class is Young Adult (~ 31 years)
260,24,Man,Person is Young Adult because its facial features most dominant age class is Young Adult (~ 22 years)
261,26,Man,Person is Young Adult because its facial features most dominant age class is Young Adult (~ 25 years)
262,39,Woman,Person is Young Adult because its facial features most dominant age class is Young Adult (~ 39 years)
263,55,Woman,Person is Middle Aged Adult because its facial features most dominant age class is Middle Aged Adult (~ 52 years)
264,29,Man,Person is Young Adult because its facial features most dominant age class is Young Adult (~ 29 years)
265,51,Man,Person is Middle Aged Adult because its facial features most dominant age class is Middle Aged Adult (~ 52 years)
266,30,Woman,Person is Young Adult because its facial features most dominant age class is Young Adult (~ 31 years)
267,32,Man,Person is Young Adult because its facial features most dominant age class is Young Adult (~ 31 years)
268,28,Man,Person is Young Adult because its facial features most dominant age class is Young Adult (~ 25 years)
269,19,Man,Person is Adolescent because its facial features most dominant age class is Young Adult (~ 20 years)
270,42,Man,Person is Middle Aged Adult because its facial features most dominant age class is Middle Aged Adult (~ 44 years)
271,66,Man,Person is Old Adult because its facial features most dominant age class is Old Adult (~ 63 years)
272,22,Man,Person is Young Adult because its facial features most dominant age class is Young Adult (~ 21 years)
273,26,Man,Person is Young Adult because its facial features most dominant age class is Young Adult (~ 25 years)
274,35,Man,Person is Young Adult because its facial features most dominant age class is Young Adult (~ 34 years)
275,24,Man,Person is Young Adult because its facial features most dominant age class is Young Adult (~ 25 years)
276,34,Woman,Person is Young Adult because its facial features most dominant age class is Young Adult (~ 31 years)
277,68,Man,Person is Old Adult because its facial features most dominant age class is Old Adult (~ 68 years)
278,49,Woman,Person is Middle Aged Adult because its facial features most dominant age class is Middle Aged Adult (~ 49 years)
279,31,Man,Person is Young Adult because its facial features most dominant age class is Young Adult (~ 25 years)
280,28,Man,Person is Young Adult because its facial features most dominant age class is Young Adult (~ 25 years)
281,53,Woman,Person is Middle Aged Adult because its facial features most dominant age class is Middle Aged Adult (~ 52 years)
282,56,Woman,Person is Middle Aged Adult because its facial features most dominant age class is Middle Aged Adult (~ 52 years)
283,51,Man,Person is Middle Aged Adult because its facial features most dominant age class is Middle Aged Adult (~ 52 years)
284,44,Woman,Person is Middle Aged Adult because its facial features most dominant age class is Middle Aged Adult (~ 46 years)
285,39,Man,Person is Young Adult because its facial features most dominant age class is Young Adult (~ 38 years)
286,34,Woman,Person is Young Adult because its facial features most dominant age class is Young Adult (~ 31 years)
287,35,Woman,Person is Young Adult because its facial features most dominant age class is Young Adult (~ 34 years)
288,20,Man,Person is Young Adult because its facial features most dominant age class is Young Adult (~ 20 years)
289,68,Man,Person is Old Adult because its facial features most dominant age class is Old Adult (~ 68 years)
290,30,Man,Person is Young Adult because its facial features most dominant age class is Young Adult (~ 31 years)
291,52,Man,Person is Middle Aged Adult because its facial features most dominant age class is Middle Aged Adult (~ 52 years)
292,28,Woman,Person is Young Adult because its facial features most dominant age class is Young Adult (~ 25 years)
293,59,Man,Person is Middle Aged Adult because its facial features most dominant age class is Old Adult (~ 60 years)
294,32,Man,Person is Young Adult because its facial features most dominant age class is Young Adult (~ 31 years)
295,55,Man,Person is Middle Aged Adult because its facial features most dominant age class is Middle Aged Adult (~ 52 years)
296,22,Man,Person is Young Adult because its facial features most dominant age class is Young Adult (~ 21 years)
297,44,Man,Person is Middle Aged Adult because its facial features most dominant age class is Middle Aged Adult (~ 44 years)
298,25,Man,Person is Young Adult because its facial features most dominant age class is Young Adult (~ 25 years)
299,39,Woman,Person is Young Adult because its facial features most dominant age class is Young Adult (~ 38 years)
300,30,Man,Person is Young Adult because its facial features most dominant age class is Young Adult (~ 29 years)
301,35,Man,Person is Young Adult because its facial features most dominant age class is Young Adult (~ 36 years)
302,56,Woman,Person is Middle Aged Adult because its facial features most dominant age class is Middle Aged Adult (~ 52 years)
303,26,Man,Person is Young Adult because its facial features most dominant age class is Young Adult (~ 25 years)
304,28,Man,Person is Young Adult because its facial features most dominant age class is Young Adult (~ 25 years)
305,68,Man,Person is Old Adult because its facial features most dominant age class is Old Adult (~ 68 years)
306,46,Man,Person is Middle Aged Adult because its facial features most dominant age class is Middle Aged Adult (~ 47 years)
307,28,Man,Person is Young Adult because its facial features most dominant age class is Young Adult (~ 29 years)
308,39,Man,Person is Young Adult because its facial features most dominant age class is Young Adult (~ 38 years)
309,30,Man,Person is Young Adult because its facial features most dominant age class is Young Adult (~ 31 years)
310,28,Man,Person is Young Adult because its facial features most dominant age class is Young Adult (~ 29 years)
311,33,Man,Person is Young Adult because its facial features most dominant age class is Young Adult (~ 31 years)
312,30,Man,Person is Young Adult because its facial features most dominant age class is Young Adult (~ 29 years)
313,29,Woman,Person is Young Adult because its facial features most dominant age class is Young Adult (~ 25 years)
314,30,Man,Person is Young Adult because its facial features most dominant age class is Young Adult (~ 31 years)
315,27,Woman,Person is Young Adult because its facial features most dominant age class is Young Adult (~ 25 years)
316,50,Man,Person is Middle Aged Adult because its facial features most dominant age class is Middle Aged Adult (~ 52 years)
317,61,Man,Person is Old Adult because its facial features most dominant age class is Old Adult (~ 60 years)
318,32,Man,Person is Young Adult because its facial features most dominant age class is Young Adult (~ 31 years)
319,47,Man,Person is Middle Aged Adult because its facial features most dominant age class is Middle Aged Adult (~ 47 years)
320,28,Woman,Person is Young Adult because its facial features most dominant age class is Young Adult (~ 25 years)
321,22,Man,Person is Young Adult because its facial features most dominant age class is Young Adult (~ 21 years)
322,26,Man,Person is Young Adult because its facial features most dominant age class is Young Adult (~ 24 years)
323,39,Woman,Person is Young Adult because its facial features most dominant age class is Young Adult (~ 36 years)
324,62,Man,Person is Old Adult because its facial features most dominant age class is Old Adult (~ 63 years)
325,26,Man,Person is Young Adult because its facial features most dominant age class is Young Adult (~ 25 years)
326,54,Man,Person is Middle Aged Adult because its facial features most dominant age class is Middle Aged Adult (~ 52 years)
327,41,Man,Person is Middle Aged Adult because its facial features most dominant age class is Middle Aged Adult (~ 44 years)
328,30,Man,Person is Young Adult because its facial features most dominant age class is Young Adult (~ 27 years)
329,28,Man,Person is Young Adult because its facial features most dominant age class is Young Adult (~ 29 years)
330,48,Man,Person is Middle Aged Adult because its facial features most dominant age class is Middle Aged Adult (~ 47 years)
331,24,Man,Person is Young Adult because its facial features most dominant age class is Young Adult (~ 22 years)
332,59,Man,Person is Middle Aged Adult because its facial features most dominant age class is Middle Aged Adult (~ 52 years)
333,32,Man,Person is Young Adult because its facial features most dominant age class is Young Adult (~ 29 years)
334,39,Man,Person is Young Adult because its facial features most dominant age class is Young Adult (~ 38 years)
335,32,Man,Person is Young Adult because its facial features most dominant age class is Young Adult (~ 29 years)
336,29,Man,Person is Young Adult because its facial features most dominant age class is Young Adult (~ 25 years)
337,43,Man,Person is Middle Aged Adult because its facial features most dominant age class is Young Adult (~ 31 years)
338,35,Woman,Person is Young Adult because its facial features most dominant age class is Young Adult (~ 36 years)
339,50,Man,Person is Middle Aged Adult because its facial features most dominant age class is Middle Aged Adult (~ 52 years)
340,39,Man,Person is Young Adult because its facial features most dominant age class is Young Adult (~ 36 years)
341,27,Woman,Person is Young Adult because its facial features most dominant age class is Young Adult (~ 25 years)
342,57,Man,Person is Middle Aged Adult because its facial features most dominant age class is Middle Aged Adult (~ 52 years)
343,26,Man,Person is Young Adult because its facial features most dominant age class is Young Adult (~ 25 years)
344,24,Woman,Person is Young Adult because its facial features most dominant age class is Young Adult (~ 21 years)
345,36,Man,Person is Young Adult because its facial features most dominant age class is Young Adult (~ 36 years)
346,44,Woman,Person is Middle Aged Adult because its facial features most dominant age class is Middle Aged Adult (~ 44 years)
347,33,Man,Person is Young Adult because its facial features most dominant age class is Young Adult (~ 31 years)
348,37,Man,Person is Young Adult because its facial features most dominant age class is Young Adult (~ 38 years)
349,36,Man,Person is Young Adult because its facial features most dominant age class is Young Adult (~ 36 years)
350,49,Woman,Person is Middle Aged Adult because its facial features most dominant age class is Middle Aged Adult (~ 47 years)
351,29,Man,Person is Young Adult because its facial features most dominant age class is Young Adult (~ 31 years)
352,68,Man,Person is Old Adult because its facial features most dominant age class is Old Adult (~ 68 years)
353,54,Woman,Person is Middle Aged Adult because its facial features most dominant age class is Middle Aged Adult (~ 52 years)
354,29,Man,Person is Young Adult because its facial features most dominant age class is Young Adult (~ 29 years)
355,33,Man,Person is Young Adult because its facial features most dominant age class is Young Adult (~ 36 years)
356,53,Man,Person is Middle Aged Adult because its facial features most dominant age class is Middle Aged Adult (~ 52 years)
357,37,Woman,Person is Young Adult because its facial features most dominant age class is Young Adult (~ 36 years)
358,59,Man,Person is Middle Aged Adult because its facial features most dominant age class is Middle Aged Adult (~ 58 years)
359,35,Man,Person is Young Adult because its facial features most dominant age class is Young Adult (~ 34 years)
360,29,Woman,Person is Young Adult because its facial features most dominant age class is Young Adult (~ 29 years)
361,52,Man,Person is Middle Aged Adult because its facial features most dominant age class is Middle Aged Adult (~ 52 years)
362,48,Woman,Person is Middle Aged Adult because its facial features most dominant age class is Middle Aged Adult (~ 46 years)
363,24,Man,Person is Young Adult because its facial features most dominant age class is Young Adult (~ 21 years)
364,41,Woman,Person is Middle Aged Adult because its facial features most dominant age class is Middle Aged Adult (~ 44 years)
365,27,Man,Person is Young Adult because its facial features most dominant age class is Young Adult (~ 25 years)
366,40,Woman,Person is Middle Aged Adult because its facial features most dominant age class is Middle Aged Adult (~ 44 years)
367,35,Woman,Person is Young Adult because its facial features most dominant age class is Young Adult (~ 36 years)
368,26,Man,Person is Young Adult because its facial features most dominant age class is Young Adult (~ 25 years)
369,65,Man,Person is Old Adult because its facial features most dominant age class is Old Adult (~ 63 years)
370,37,Man,Person is Young Adult because its facial features most dominant age class is Young Adult (~ 36 years)
371,65,Man,Person is Old Adult because its facial features most dominant age class is Old Adult (~ 61 years)
372,32,Man,Person is Young Adult because its facial features most dominant age class is Young Adult (~ 31 years)
373,26,Woman,Person is Young Adult because its facial features most dominant age class is Young Adult (~ 25 years)
374,29,Woman,Person is Young Adult because its facial features most dominant age class is Young Adult (~ 25 years)
375,46,Woman,Person is Middle Aged Adult because its facial features most dominant age class is Middle Aged Adult (~ 48 years)
376,41,Woman,Person is Middle Aged Adult because its facial features most dominant age class is Young Adult (~ 36 years)
377,41,Man,Person is Middle Aged Adult because its facial features most dominant age class is Middle Aged Adult (~ 44 years)
378,23,Man,Person is Young Adult because its facial features most dominant age class is Young Adult (~ 21 years)
379,30,Woman,Person is Young Adult because its facial features most dominant age class is Young Adult (~ 31 years)
380,26,Man,Person is Young Adult because its facial features most dominant age class is Young Adult (~ 25 years)
381,32,Man,Person is Young Adult because its facial features most dominant age class is Young Adult (~ 31 years)
382,43,Man,Person is Middle Aged Adult because its facial features most dominant age class is Middle Aged Adult (~ 44 years)
383,37,Woman,Person is Young Adult because its facial features most dominant age class is Young Adult (~ 36 years)
384,36,Man,Person is Young Adult because its facial features most dominant age class is Young Adult (~ 36 years)
385,29,Man,Person is Young Adult because its facial features most dominant age class is Young Adult (~ 30 years)
386,47,Man,Person is Middle Aged Adult because its facial features most dominant age class is Middle Aged Adult (~ 48 years)
387,32,Man,Person is Young Adult because its facial features most dominant age class is Young Adult (~ 31 years)
388,24,Man,Person is Young Adult because its facial features most dominant age class is Young Adult (~ 21 years)
389,43,Man,Person is Middle Aged Adult because its facial features most dominant age class is Middle Aged Adult (~ 46 years)
390,35,Man,Person is Young Adult because its facial features most dominant age class is Young Adult (~ 31 years)
391,32,Man,Person is Young Adult because its facial features most dominant age class is Young Adult (~ 31 years)
392,24,Man,Person is Young Adult because its facial features most dominant age class is Young Adult (~ 25 years)
393,32,Man,Person is Young Adult because its facial features most dominant age class is Young Adult (~ 32 years)
394,54,Woman,Person is Middle Aged Adult because its facial features most dominant age class is Middle Aged Adult (~ 52 years)
395,64,Man,Person is Old Adult because its facial features most dominant age class is Old Adult (~ 63 years)
396,27,Man,Person is Young Adult because its facial features most dominant age class is Young Adult (~ 25 years)
397,57,Man,Person is Middle Aged Adult because its facial features most dominant age class is Middle Aged Adult (~ 52 years)
398,26,Man,Person is Young Adult because its facial features most dominant age class is Young Adult (~ 25 years)
399,56,Man,Person is Middle Aged Adult because its facial features most dominant age class is Middle Aged Adult (~ 58 years)
400,20,Man,Person is Young Adult because its facial features most dominant age class is Young Adult (~ 20 years)
401,29,Man,Person is Young Adult because its facial features most dominant age class is Young Adult (~ 29 years)
402,56,Man,Person is Middle Aged Adult because its facial features most dominant age class is Middle Aged Adult (~ 52 years)
403,55,Woman,Person is Middle Aged Adult because its facial features most dominant age class is Middle Aged Adult (~ 52 years)
404,43,Man,Person is Middle Aged Adult because its facial features most dominant age class is Middle Aged Adult (~ 44 years)
405,25,Woman,Person is Young Adult because its facial features most dominant age class is Young Adult (~ 25 years)
406,65,Woman,Person is Old Adult because its facial features most dominant age class is Old Adult (~ 63 years)
407,40,Man,Person is Middle Aged Adult because its facial features most dominant age class is Middle Aged Adult (~ 44 years)
408,39,Man,Person is Young Adult because its facial features most dominant age class is Young Adult (~ 38 years)
409,43,Woman,Person is Middle Aged Adult because its facial features most dominant age class is Middle Aged Adult (~ 44 years)
410,73,Man,Person is Old Adult because its facial features most dominant age class is Old Adult (~ 68 years)
411,62,Woman,Person is Old Adult because its facial features most dominant age class is Old Adult (~ 63 years)
412,37,Man,Person is Young Adult because its facial features most dominant age class is Young Adult (~ 31 years)
413,62,Man,Person is Old Adult because its facial features most dominant age class is Old Adult (~ 60 years)
414,48,Man,Person is Middle Aged Adult because its facial features most dominant age class is Middle Aged Adult (~ 48 years)
415,31,Woman,Person is Young Adult because its facial features most dominant age class is Young Adult (~ 31 years)
416,40,Man,Person is Middle Aged Adult because its facial features most dominant age class is Young Adult (~ 38 years)
417,30,Man,Person is Young Adult because its facial features most dominant age class is Young Adult (~ 31 years)
418,44,Man,Person is Middle Aged Adult because its facial features most dominant age class is Middle Aged Adult (~ 44 years)
419,29,Woman,Person is Young Adult because its facial features most dominant age class is Young Adult (~ 27 years)
420,44,Man,Person is Middle Aged Adult because its facial features most dominant age class is Middle Aged Adult (~ 46 years)
421,55,Man,Person is Middle Aged Adult because its facial features most dominant age class is Middle Aged Adult (~ 58 years)
422,26,Man,Person is Young Adult because its facial features most dominant age class is Young Adult (~ 25 years)
423,31,Man,Person is Young Adult because its facial features most dominant age class is Young Adult (~ 31 years)
424,51,Man,Person is Middle Aged Adult because its facial features most dominant age class is Middle Aged Adult (~ 52 years)
425,52,Man,Person is Middle Aged Adult because its facial features most dominant age class is Middle Aged Adult (~ 52 years)
426,30,Man,Person is Young Adult because its facial features most dominant age class is Young Adult (~ 29 years)
427,42,Man,Person is Middle Aged Adult because its facial features most dominant age class is Middle Aged Adult (~ 43 years)
428,30,Man,Person is Young Adult because its facial features most dominant age class is Young Adult (~ 29 years)
429,31,Man,Person is Young Adult because its facial features most dominant age class is Young Adult (~ 31 years)
430,60,Woman,Person is Old Adult because its facial features most dominant age class is Old Adult (~ 60 years)
431,28,Man,Person is Young Adult because its facial features most dominant age class is Young Adult (~ 25 years)
432,22,Man,Person is Young Adult because its facial features most dominant age class is Young Adult (~ 20 years)
433,38,Man,Person is Young Adult because its facial features most dominant age class is Young Adult (~ 36 years)
434,43,Woman,Person is Middle Aged Adult because its facial features most dominant age class is Middle Aged Adult (~ 44 years)
435,30,Woman,Person is Young Adult because its facial features most dominant age class is Young Adult (~ 31 years)
436,25,Man,Person is Young Adult because its facial features most dominant age class is Young Adult (~ 25 years)
437,31,Woman,Person is Young Adult because its facial features most dominant age class is Young Adult (~ 31 years)
438,52,Man,Person is Middle Aged Adult because its facial features most dominant age class is Middle Aged Adult (~ 59 years)
439,35,Man,Person is Young Adult because its facial features most dominant age class is Young Adult (~ 36 years)
440,30,Woman,Person is Young Adult because its facial features most dominant age class is Young Adult (~ 29 years)
441,23,Woman,Person is Young Adult because its facial features most dominant age class is Young Adult (~ 23 years)
442,28,Man,Person is Young Adult because its facial features most dominant age class is Young Adult (~ 25 years)
443,59,Man,Person is Middle Aged Adult because its facial features most dominant age class is Middle Aged Adult (~ 58 years)
444,48,Man,Person is Middle Aged Adult because its facial features most dominant age class is Middle Aged Adult (~ 47 years)
445,44,Man,Person is Middle Aged Adult because its facial features most dominant age class is Middle Aged Adult (~ 46 years)
446,24,Man,Person is Young Adult because its facial features most dominant age class is Young Adult (~ 25 years)
447,62,Man,Person is Old Adult because its facial features most dominant age class is Old Adult (~ 60 years)
448,27,Man,Person is Young Adult because its facial features most dominant age class is Young Adult (~ 25 years)
449,37,Man,Person is Young Adult because its facial features most dominant age class is Young Adult (~ 36 years)
450,35,Man,Person is Young Adult because its facial features most dominant age class is Young Adult (~ 34 years)
451,27,Woman,Person is Young Adult because its facial features most dominant age class is Young Adult (~ 25 years)
452,39,Man,Person is Young Adult because its facial features most dominant age class is Young Adult (~ 38 years)
453,35,Man,Person is Young Adult because its facial features most dominant age class is Young Adult (~ 31 years)
454,58,Man,Person is Middle Aged Adult because its facial features most dominant age class is Middle Aged Adult (~ 52 years)
455,27,Man,Person is Young Adult because its facial features most dominant age class is Young Adult (~ 25 years)
456,28,Man,Person is Young Adult because its facial features most dominant age class is Young Adult (~ 29 years)
457,30,Man,Person is Young Adult because its facial features most dominant age class is Young Adult (~ 29 years)
458,25,Man,Person is Young Adult because its facial features most dominant age class is Young Adult (~ 25 years)
459,32,Man,Person is Young Adult because its facial features most dominant age class is Young Adult (~ 29 years)
460,52,Man,Person is Middle Aged Adult because its facial features most dominant age class is Middle Aged Adult (~ 52 years)
461,34,Woman,Person is Young Adult because its facial features most dominant age class is Young Adult (~ 34 years)
462,20,Man,Person is Young Adult because its facial features most dominant age class is Young Adult (~ 20 years)
463,52,Man,Person is Middle Aged Adult because its facial features most dominant age class is Middle Aged Adult (~ 52 years)
464,26,Man,Person is Young Adult because its facial features most dominant age class is Young Adult (~ 25 years)
465,26,Man,Person is Young Adult because its facial features most dominant age class is Young Adult (~ 25 years)
466,48,Woman,Person is Middle Aged Adult because its facial features most dominant age class is Middle Aged Adult (~ 46 years)
467,37,Woman,Person is Young Adult because its facial features most dominant age class is Young Adult (~ 36 years)
468,31,Woman,Person is Young Adult because its facial features most dominant age class is Young Adult (~ 29 years)
469,32,Man,Person is Young Adult because its facial features most dominant age class is Young Adult (~ 31 years)
470,53,Man,Person is Middle Aged Adult because its facial features most dominant age class is Middle Aged Adult (~ 52 years)
471,25,Man,Person is Young Adult because its facial features most dominant age class is Young Adult (~ 24 years)
472,70,Man,Person is Old Adult because its facial features most dominant age class is Old Adult (~ 68 years)
473,32,Man,Person is Young Adult because its facial features most dominant age class is Young Adult (~ 31 years)
474,44,Man,Person is Middle Aged Adult because its facial features most dominant age class is Young Adult (~ 36 years)
475,52,Man,Person is Middle Aged Adult because its facial features most dominant age class is Middle Aged Adult (~ 52 years)
476,69,Man,Person is Old Adult because its facial features most dominant age class is Old Adult (~ 68 years)
477,59,Man,Person is Middle Aged Adult because its facial features most dominant age class is Middle Aged Adult (~ 59 years)
478,24,Man,Person is Young Adult because its facial features most dominant age class is Young Adult (~ 25 years)
479,54,Man,Person is Middle Aged Adult because its facial features most dominant age class is Middle Aged Adult (~ 52 years)
480,34,Man,Person is Young Adult because its facial features most dominant age class is Young Adult (~ 31 years)
481,23,Man,Person is Young Adult because its facial features most dominant age class is Young Adult (~ 25 years)
482,31,Man,Person is Young Adult because its facial features most dominant age class is Young Adult (~ 29 years)
483,39,Man,Person is Young Adult because its facial features most dominant age class is Young Adult (~ 36 years)
484,61,Man,Person is Old Adult because its facial features most dominant age class is Middle Aged Adult (~ 58 years)
485,58,Man,Person is Middle Aged Adult because its facial features most dominant age class is Middle Aged Adult (~ 52 years)
486,60,Woman,Person is Old Adult because its facial features most dominant age class is Middle Aged Adult (~ 58 years)
487,57,Man,Person is Middle Aged Adult because its facial features most dominant age class is Middle Aged Adult (~ 59 years)
488,27,Man,Person is Young Adult because its facial features most dominant age class is Young Adult (~ 25 years)
489,47,Woman,Person is Middle Aged Adult because its facial features most dominant age class is Middle Aged Adult (~ 52 years)
490,33,Man,Person is Young Adult because its facial features most dominant age class is Young Adult (~ 31 years)
491,26,Man,Person is Young Adult because its facial features most dominant age class is Young Adult (~ 25 years)
492,30,Man,Person is Young Adult because its facial features most dominant age class is Young Adult (~ 31 years)
493,28,Man,Person is Young Adult because its facial features most dominant age class is Young Adult (~ 29 years)
494,47,Man,Person is Middle Aged Adult because its facial features most dominant age class is Middle Aged Adult (~ 48 years)
495,33,Man,Person is Young Adult because its facial features most dominant age class is Young Adult (~ 31 years)
496,18,Man,Person is Adolescent because its facial features most dominant age class is Young Adult (~ 20 years)
497,27,Woman,Person is Young Adult because its facial features most dominant age class is Young Adult (~ 25 years)
498,42,Woman,Person is Middle Aged Adult because its facial features most dominant age class is Middle Aged Adult (~ 44 years)
499,26,Woman,Person is Young Adult because its facial features most dominant age class is Young Adult (~ 25 years)
500,28,Woman,Person is Young Adult because its facial features most dominant age class is Young Adult (~ 25 years)
501,31,Man,Person is Young Adult because its facial features most dominant age class is Young Adult (~ 31 years)
502,40,Man,Person is Middle Aged Adult because its facial features most dominant age class is Young Adult (~ 39 years)
503,27,Man,Person is Young Adult because its facial features most dominant age class is Young Adult (~ 25 years)
504,43,Man,Person is Middle Aged Adult because its facial features most dominant age class is Middle Aged Adult (~ 44 years)
505,61,Man,Person is Old Adult because its facial features most dominant age class is Old Adult (~ 60 years)
506,25,Man,Person is Young Adult because its facial features most dominant age class is Young Adult (~ 25 years)
507,52,Woman,Person is Middle Aged Adult because its facial features most dominant age class is Middle Aged Adult (~ 52 years)
508,69,Man,Person is Old Adult because its facial features most dominant age class is Old Adult (~ 68 years)
509,25,Man,Person is Young Adult because its facial features most dominant age class is Young Adult (~ 25 years)
510,39,Man,Person is Young Adult because its facial features most dominant age class is Young Adult (~ 38 years)
511,35,Woman,Person is Young Adult because its facial features most dominant age class is Young Adult (~ 25 years)
512,40,Man,Person is Middle Aged Adult because its facial features most dominant age class is Young Adult (~ 38 years)
513,31,Man,Person is Young Adult because its facial features most dominant age class is Young Adult (~ 31 years)
514,36,Man,Person is Young Adult because its facial features most dominant age class is Young Adult (~ 36 years)
515,38,Woman,Person is Young Adult because its facial features most dominant age class is Young Adult (~ 34 years)
516,26,Woman,Person is Young Adult because its facial features most dominant age class is Young Adult (~ 25 years)
517,50,Man,Person is Middle Aged Adult because its facial features most dominant age class is Middle Aged Adult (~ 48 years)
518,24,Woman,Person is Young Adult because its facial features most dominant age class is Young Adult (~ 23 years)
519,23,Man,Person is Young Adult because its facial features most dominant age class is Young Adult (~ 21 years)
520,36,Woman,Person is Young Adult because its facial features most dominant age class is Young Adult (~ 36 years)
521,39,Man,Person is Young Adult because its facial features most dominant age class is Young Adult (~ 39 years)
522,62,Man,Person is Old Adult because its facial features most dominant age class is Old Adult (~ 60 years)
523,23,Man,Person is Young Adult because its facial features most dominant age class is Young Adult (~ 22 years)
524,27,Woman,Person is Young Adult because its facial features most dominant age class is Young Adult (~ 25 years)
525,48,Woman,Person is Middle Aged Adult because its facial features most dominant age class is Middle Aged Adult (~ 48 years)
526,22,Woman,Person is Young Adult because its facial features most dominant age class is Young Adult (~ 21 years)
527,53,Woman,Person is Middle Aged Adult because its facial features most dominant age class is Middle Aged Adult (~ 52 years)
528,55,Man,Person is Middle Aged Adult because its facial features most dominant age class is Middle Aged Adult (~ 52 years)
529,44,Man,Person is Middle Aged Adult because its facial features most dominant age class is Middle Aged Adult (~ 46 years)
530,42,Woman,Person is Middle Aged Adult because its facial features most dominant age class is Middle Aged Adult (~ 44 years)
531,44,Man,Person is Middle Aged Adult because its facial features most dominant age class is Middle Aged Adult (~ 44 years)
532,45,Man,Person is Middle Aged Adult because its facial features most dominant age class is Middle Aged Adult (~ 46 years)
533,28,Man,Person is Young Adult because its facial features most dominant age class is Young Adult (~ 25 years)
534,30,Woman,Person is Young Adult because its facial features most dominant age class is Young Adult (~ 31 years)
535,31,Woman,Person is Young Adult because its facial features most dominant age class is Young Adult (~ 31 years)
536,24,Man,Person is Young Adult because its facial features most dominant age class is Young Adult (~ 25 years)
537,34,Woman,Person is Young Adult because its facial features most dominant age class is Young Adult (~ 34 years)
538,60,Woman,Person is Old Adult because its facial features most dominant age class is Middle Aged Adult (~ 58 years)
539,33,Woman,Person is Young Adult because its facial features most dominant age class is Young Adult (~ 31 years)
540,51,Man,Person is Middle Aged Adult because its facial features most dominant age class is Middle Aged Adult (~ 52 years)
541,44,Woman,Person is Middle Aged Adult because its facial features most dominant age class is Middle Aged Adult (~ 44 years)
542,51,Man,Person is Middle Aged Adult because its facial features most dominant age class is Middle Aged Adult (~ 52 years)
543,30,Man,Person is Young Adult because its facial features most dominant age class is Young Adult (~ 31 years)
544,52,Woman,Person is Middle Aged Adult because its facial features most dominant age class is Middle Aged Adult (~ 52 years)
545,42,Woman,Person is Middle Aged Adult because its facial features most dominant age class is Middle Aged Adult (~ 44 years)
546,27,Man,Person is Young Adult because its facial features most dominant age class is Young Adult (~ 25 years)
547,61,Woman,Person is Old Adult because its facial features most dominant age class is Old Adult (~ 60 years)
548,23,Woman,Person is Young Adult because its facial features most dominant age class is Young Adult (~ 22 years)
549,31,Woman,Person is Young Adult because its facial features most dominant age class is Young Adult (~ 31 years)
550,23,Man,Person is Young Adult because its facial features most dominant age class is Young Adult (~ 21 years)
551,72,Man,Person is Old Adult because its facial features most dominant age class is Old Adult (~ 68 years)
552,49,Man,Person is Middle Aged Adult because its facial features most dominant age class is Middle Aged Adult (~ 57 years)
553,44,Woman,Person is Middle Aged Adult because its facial features most dominant age class is Middle Aged Adult (~ 44 years)
554,39,Man,Person is Young Adult because its facial features most dominant age class is Young Adult (~ 38 years)
555,27,Woman,Person is Young Adult because its facial features most dominant age class is Young Adult (~ 25 years)
556,39,Man,Person is Young Adult because its facial features most dominant age class is Young Adult (~ 31 years)
557,22,Woman,Person is Young Adult because its facial features most dominant age class is Young Adult (~ 22 years)
558,47,Man,Person is Middle Aged Adult because its facial features most dominant age class is Middle Aged Adult (~ 46 years)
559,37,Woman,Person is Young Adult because its facial features most dominant age class is Young Adult (~ 39 years)
560,24,Man,Person is Young Adult because its facial features most dominant age class is Young Adult (~ 25 years)
561,36,Woman,Person is Young Adult because its facial features most dominant age class is Young Adult (~ 36 years)
562,58,Man,Person is Middle Aged Adult because its facial features most dominant age class is Middle Aged Adult (~ 52 years)
563,27,Woman,Person is Young Adult because its facial features most dominant age class is Young Adult (~ 25 years)
564,32,Man,Person is Young Adult because its facial features most dominant age class is Young Adult (~ 31 years)
565,30,Woman,Person is Young Adult because its facial features most dominant age class is Young Adult (~ 31 years)
566,31,Man,Person is Young Adult because its facial features most dominant age class is Young Adult (~ 31 years)
567,39,Man,Person is Young Adult because its facial features most dominant age class is Young Adult (~ 38 years)
568,26,Man,Person is Young Adult because its facial features most dominant age class is Young Adult (~ 25 years)
569,34,Man,Person is Young Adult because its facial features most dominant age class is Young Adult (~ 31 years)
570,23,Woman,Person is Young Adult because its facial features most dominant age class is Young Adult (~ 25 years)
571,29,Man,Person is Young Adult because its facial features most dominant age class is Young Adult (~ 25 years)
572,47,Woman,Person is Middle Aged Adult because its facial features most dominant age class is Middle Aged Adult (~ 46 years)
573,56,Man,Person is Middle Aged Adult because its facial features most dominant age class is Middle Aged Adult (~ 52 years)
574,38,Woman,Person is Young Adult because its facial features most dominant age class is Young Adult (~ 36 years)
575,26,Man,Person is Young Adult because its facial features most dominant age class is Young Adult (~ 25 years)
576,23,Man,Person is Young Adult because its facial features most dominant age class is Young Adult (~ 21 years)
577,42,Man,Person is Middle Aged Adult because its facial features most dominant age class is Middle Aged Adult (~ 44 years)
578,31,Woman,Person is Young Adult because its facial features most dominant age class is Young Adult (~ 31 years)
579,30,Man,Person is Young Adult because its facial features most dominant age class is Young Adult (~ 31 years)
580,19,Man,Person is Adolescent because its facial features most dominant age class is Adolescent (~ 19 years)
581,39,Man,Person is Young Adult because its facial features most dominant age class is Young Adult (~ 38 years)
582,39,Man,Person is Young Adult because its facial features most dominant age class is Young Adult (~ 38 years)
583,29,Man,Person is Young Adult because its facial features most dominant age class is Young Adult (~ 29 years)
584,14,Woman,Person is Adolescent because its facial features most dominant age class is Adolescent (~ 13 years)
585,33,Man,Person is Young Adult because its facial features most dominant age class is Young Adult (~ 31 years)
586,26,Man,Person is Young Adult because its facial features most dominant age class is Young Adult (~ 25 years)
587,40,Man,Person is Middle Aged Adult because its facial features most dominant age class is Middle Aged Adult (~ 43 years)
588,28,Woman,Person is Young Adult because its facial features most dominant age class is Young Adult (~ 25 years)
589,47,Man,Person is Middle Aged Adult because its facial features most dominant age class is Middle Aged Adult (~ 49 years)
590,23,Man,Person is Young Adult because its facial features most dominant age class is Young Adult (~ 21 years)
591,32,Man,Person is Young Adult because its facial features most dominant age class is Young Adult (~ 31 years)
592,62,Woman,Person is Old Adult because its facial features most dominant age class is Old Adult (~ 60 years)
593,23,Woman,Person is Young Adult because its facial features most dominant age class is Young Adult (~ 21 years)
594,39,Man,Person is Young Adult because its facial features most dominant age class is Young Adult (~ 38 years)
595,66,Woman,Person is Old Adult because its facial features most dominant age class is Old Adult (~ 68 years)
596,50,Woman,Person is Middle Aged Adult because its facial features most dominant age class is Middle Aged Adult (~ 46 years)
597,39,Man,Person is Young Adult because its facial features most dominant age class is Young Adult (~ 39 years)
598,54,Woman,Person is Middle Aged Adult because its facial features most dominant age class is Middle Aged Adult (~ 57 years)
599,54,Man,Person is Middle Aged Adult because its facial features most dominant age class is Middle Aged Adult (~ 52 years)
600,42,Man,Person is Middle Aged Adult because its facial features most dominant age class is Middle Aged Adult (~ 44 years)
601,28,Woman,Person is Young Adult because its facial features most dominant age class is Young Adult (~ 25 years)
602,35,Woman,Person is Young Adult because its facial features most dominant age class is Young Adult (~ 34 years)
603,39,Woman,Person is Young Adult because its facial features most dominant age class is Young Adult (~ 38 years)
604,25,Man,Person is Young Adult because its facial features most dominant age class is Young Adult (~ 25 years)
605,35,Man,Person is Young Adult because its facial features most dominant age class is Young Adult (~ 36 years)
606,49,Man,Person is Middle Aged Adult because its facial features most dominant age class is Middle Aged Adult (~ 57 years)
607,71,Man,Person is Old Adult because its facial features most dominant age class is Old Adult (~ 68 years)
608,49,Man,Person is Middle Aged Adult because its facial features most dominant age class is Middle Aged Adult (~ 46 years)
609,28,Woman,Person is Young Adult because its facial features most dominant age class is Young Adult (~ 29 years)
610,27,Woman,Person is Young Adult because its facial features most dominant age class is Young Adult (~ 25 years)
611,45,Man,Person is Middle Aged Adult because its facial features most dominant age class is Middle Aged Adult (~ 46 years)
612,27,Man,Person is Young Adult because its facial features most dominant age class is Young Adult (~ 25 years)
613,33,Woman,Person is Young Adult because its facial features most dominant age class is Young Adult (~ 34 years)
614,48,Man,Person is Middle Aged Adult because its facial features most dominant age class is Middle Aged Adult (~ 48 years)
615,32,Man,Person is Young Adult because its facial features most dominant age class is Young Adult (~ 31 years)
616,36,Man,Person is Young Adult because its facial features most dominant age class is Young Adult (~ 36 years)
617,28,Woman,Person is Young Adult because its facial features most dominant age class is Young Adult (~ 25 years)
618,40,Man,Person is Middle Aged Adult because its facial features most dominant age class is Middle Aged Adult (~ 43 years)
619,39,Man,Person is Young Adult because its facial features most dominant age class is Young Adult (~ 38 years)
620,32,Woman,Person is Young Adult because its facial features most dominant age class is Young Adult (~ 31 years)
621,21,Man,Person is Young Adult because its facial features most dominant age class is Young Adult (~ 20 years)
622,51,Man,Person is Middle Aged Adult because its facial features most dominant age class is Middle Aged Adult (~ 50 years)
623,39,Man,Person is Young Adult because its facial features most dominant age class is Young Adult (~ 38 years)
624,69,Man,Person is Old Adult because its facial features most dominant age class is Old Adult (~ 68 years)
625,62,Man,Person is Old Adult because its facial features most dominant age class is Old Adult (~ 63 years)
626,29,Man,Person is Young Adult because its facial features most dominant age class is Young Adult (~ 25 years)
627,39,Man,Person is Young Adult because its facial features most dominant age class is Young Adult (~ 36 years)
628,15,Man,Person is Adolescent because its facial features most dominant age class is Adolescent (~ 14 years)
629,27,Woman,Person is Young Adult because its facial features most dominant age class is Young Adult (~ 27 years)
630,37,Man,Person is Young Adult because its facial features most dominant age class is Young Adult (~ 36 years)
631,27,Man,Person is Young Adult because its facial features most dominant age class is Young Adult (~ 25 years)
632,25,Man,Person is Young Adult because its facial features most dominant age class is Young Adult (~ 25 years)
633,69,Man,Person is Old Adult because its facial features most dominant age class is Old Adult (~ 68 years)
634,30,Man,Person is Young Adult because its facial features most dominant age class is Young Adult (~ 25 years)
635,51,Man,Person is Middle Aged Adult because its facial features most dominant age class is Middle Aged Adult (~ 52 years)
636,58,Man,Person is Middle Aged Adult because its facial features most dominant age class is Middle Aged Adult (~ 58 years)
637,36,Woman,Person is Young Adult because its facial features most dominant age class is Young Adult (~ 31 years)
638,39,Woman,Person is Young Adult because its facial features most dominant age class is Young Adult (~ 38 years)
639,22,Woman,Person is Young Adult because its facial features most dominant age class is Young Adult (~ 22 years)
640,39,Woman,Person is Young Adult because its facial features most dominant age class is Young Adult (~ 38 years)
641,48,Man,Person is Middle Aged Adult because its facial features most dominant age class is Middle Aged Adult (~ 47 years)
642,28,Man,Person is Young Adult because its facial features most dominant age class is Young Adult (~ 25 years)
643,35,Man,Person is Young Adult because its facial features most dominant age class is Young Adult (~ 34 years)
644,46,Woman,Person is Middle Aged Adult because its facial features most dominant age class is Middle Aged Adult (~ 46 years)
645,27,Woman,Person is Young Adult because its facial features most dominant age class is Young Adult (~ 25 years)
646,31,Man,Person is Young Adult because its facial features most dominant age class is Young Adult (~ 31 years)
647,57,Woman,Person is Middle Aged Adult because its facial features most dominant age class is Middle Aged Adult (~ 58 years)
648,24,Man,Person is Young Adult because its facial features most dominant age class is Young Adult (~ 25 years)
649,32,Man,Person is Young Adult because its facial features most dominant age class is Young Adult (~ 29 years)
650,41,Man,Person is Middle Aged Adult because its facial features most dominant age class is Middle Aged Adult (~ 44 years)
651,26,Man,Person is Young Adult because its facial features most dominant age class is Young Adult (~ 25 years)
652,25,Man,Person is Young Adult because its facial features most dominant age class is Young Adult (~ 25 years)
653,71,Man,Person is Old Adult because its facial features most dominant age class is Old Adult (~ 68 years)
654,48,Man,Person is Middle Aged Adult because its facial features most dominant age class is Middle Aged Adult (~ 49 years)
655,42,Woman,Person is Middle Aged Adult because its facial features most dominant age class is Middle Aged Adult (~ 44 years)
656,30,Man,Person is Young Adult because its facial features most dominant age class is Young Adult (~ 31 years)
657,56,Woman,Person is Middle Aged Adult because its facial features most dominant age class is Middle Aged Adult (~ 52 years)
658,33,Man,Person is Young Adult because its facial features most dominant age class is Young Adult (~ 31 years)
659,38,Man,Person is Young Adult because its facial features most dominant age class is Young Adult (~ 39 years)
660,39,Man,Person is Young Adult because its facial features most dominant age class is Young Adult (~ 38 years)
661,28,Man,Person is Young Adult because its facial features most dominant age class is Young Adult (~ 25 years)
662,30,Man,Person is Young Adult because its facial features most dominant age class is Young Adult (~ 29 years)
663,39,Man,Person is Young Adult because its facial features most dominant age class is Young Adult (~ 38 years)
664,25,Man,Person is Young Adult because its facial features most dominant age class is Young Adult (~ 25 years)
665,29,Man,Person is Young Adult because its facial features most dominant age class is Young Adult (~ 31 years)
666,28,Man,Person is Young Adult because its facial features most dominant age class is Young Adult (~ 25 years)
667,49,Man,Person is Middle Aged Adult because its facial features most dominant age class is Middle Aged Adult (~ 46 years)
668,26,Woman,Person is Young Adult because its facial features most dominant age class is Young Adult (~ 27 years)
669,30,Woman,Person is Young Adult because its facial features most dominant age class is Young Adult (~ 31 years)
670,31,Man,Person is Young Adult because its facial features most dominant age class is Young Adult (~ 31 years)
671,34,Man,Person is Young Adult because its facial features most dominant age class is Young Adult (~ 31 years)
672,27,Man,Person is Young Adult because its facial features most dominant age class is Young Adult (~ 25 years)
673,28,Woman,Person is Young Adult because its facial features most dominant age class is Young Adult (~ 25 years)
674,26,Woman,Person is Young Adult because its facial features most dominant age class is Young Adult (~ 27 years)
